{
  "domain": "javaAppServer",
  "middleware": "was",
  "host": "f97ecfe74cfc",
  "assessmentUnitName": "HelloWorld.ear",
  "applicationName": "HelloWorld.ear",
  "dcVersion": "2.1.1",
  "collectionUnitType": "profile",
  "collectionUnitName": "AppSrv01",
  "isVirtual": "false",
  "serverXml": {
    "server": {
      "description": "Configuration generated by binaryAppScanner",
      "featureManager": {
        "feature": "servlet-3.1"
      },
      "applicationManager": {
        "autoExpand": true
      },
      "httpEndpoint": {
        "host": "*",
        "httpPort": 9080,
        "httpsPort": 9443,
        "id": "defaultHttpEndpoint"
      },
      "webApplication": {
        "contextRoot": "/HelloWorld",
        "location": "HelloWorld.war"
      }
    }
  }
}