{
  "domain": "javaAppServer",
  "middleware": "was",
  "host": "f97ecfe74cfc",
  "assessmentUnitName": "PlantsByWebSphere8.ear",
  "applicationName": "PlantsByWebSphere8.ear",
  "dcVersion": "2.1.1",
  "collectionUnitType": "profile",
  "collectionUnitName": "AppSrv01",
  "isVirtual": "false",
  "rawDependencies": [
    {
      "domain": "database",
      "middleware": "db2",
      "assessmentUnitName": "PLANTSDB",
      "applicationName": "PLANTSDB",
      "collectionUnitType": "instance",
      "isVirtual": "false",
      "identifier": {
        "portNumber": "50000",
        "databaseName": "PLANTSDB"
      }
    },
    {
      "domain": "database",
      "middleware": "db2",
      "assessmentUnitName": "PLANTSDB",
      "applicationName": "PLANTSDB",
      "collectionUnitType": "instance",
      "isVirtual": "false",
      "identifier": {
        "portNumber": "50000",
        "databaseName": "PLANTSDB"
      }
    }
  ],
  "serverXml": {
    "server": {
      "description": "Configuration generated by binaryAppScanner",
      "featureManager": {
        "feature": [
          "appSecurity-2.0",
          "beanValidation-1.1",
          "cdi-1.2",
          "ejbLite-3.2",
          "el-3.0",
          "javaMail-1.5",
          "jndi-1.0",
          "jpa-2.1",
          "jsf-2.2",
          "jsp-2.3",
          "servlet-3.1"
        ]
      },
      "applicationManager": {
        "autoExpand": true
      },
      "httpEndpoint": {
        "host": "*",
        "httpPort": 9080,
        "httpsPort": 9443,
        "id": "defaultHttpEndpoint"
      },
      "enterpriseApplication": {
        "location": "PlantsByWebSphere8.ear"
      },
      "jdbcDriver": [
        {
          "id": "DB2_Universal_JDBC_Driver_Provider_(XA)",
          "library": {
            "file": [
              {
                "name": "/demo/db2drivers/db2jcc.jar"
              },
              {
                "name": "/demo/db2drivers/db2jcc_license_cu.jar"
              }
            ]
          }
        },
        {
          "id": "DB2_Universal_JDBC_Driver_Provider",
          "library": {
            "file": [
              {
                "name": "/demo/db2drivers/db2jcc.jar"
              },
              {
                "name": "/demo/db2drivers/db2jcc_license_cu.jar"
              }
            ]
          }
        }
      ],
      "dataSource": [
        {
          "containerAuthDataRef": "DefaultNode01/PlantsAuthAlias",
          "id": "PlantsByWebSphereDataSource",
          "jdbcDriverRef": "DB2_Universal_JDBC_Driver_Provider_(XA)",
          "jndiName": "jdbc/PlantsByWebSphereDataSource",
          "properties.db2.jcc": {
            "databaseName": "PLANTSDB",
            "driverType": 4,
            "portNumber": 50000,
            "serverName": "169.48.184.173"
          },
          "connectionManager": {
            "agedTimeout": -1,
            "connectionTimeout": 180,
            "maxIdleTime": 1800,
            "maxPoolSize": 10,
            "minPoolSize": 0,
            "purgePolicy": "EntirePool",
            "reapTime": 180
          }
        },
        {
          "containerAuthDataRef": "DefaultNode01/PlantsAuthAlias",
          "id": "PlantsByWebSphereDataSourceNONJTA",
          "jdbcDriverRef": "DB2_Universal_JDBC_Driver_Provider",
          "jndiName": "jdbc/PlantsByWebSphereDataSourceNONJTA",
          "properties.db2.jcc": {
            "databaseName": "PLANTSDB",
            "driverType": 4,
            "jmsOnePhaseOptimization": false,
            "portNumber": 50000,
            "retrieveMessagesFromServerOnGetMessage": true,
            "serverName": "169.48.184.173"
          },
          "connectionManager": {
            "agedTimeout": -1,
            "connectionTimeout": 180,
            "maxIdleTime": 1800,
            "maxPoolSize": 10,
            "minPoolSize": 0,
            "purgePolicy": "EntirePool",
            "reapTime": 180
          }
        }
      ]
    }
  }
}