{
   "report": "analysis",
   "version": "1.2",
   "productVersion": "9.0",
   "productRelease": "20.0.0.1",
   "options": [
      "--sourceAppServer=was90",
      "--sourceJava=ibm8",
      "--sourceJavaEE=ee7",
      "--targetAppServer=liberty",
      "--targetJava=ibm8",
      "--targetJavaEE=ee7",
      "--targetCloud=dockerIBMCloud",
      "--excludePackages=ch.qos,com.fasterxml,com.ibm,com.informix,com.lowagie,com.mchange,com.meterware,com.microsoft,com.sun,com.sybase,freemarker,groovy,java,javax,net,oracle,org,sqlj,sun,twitter4j,_ibmjsp"
   ],
   "totalRulesFlagged": 6,
   "filesAffected": 7,
   "totalResults": 9,
   "severitySummary": [
      {
         "severity": "Severe",
         "severityId": "severe",
         "totalRulesFlagged": 1,
         "totalResults": 1
      },
      {
         "severity": "Warning",
         "severityId": "warning",
         "totalRulesFlagged": 5,
         "totalResults": 8
      }
   ],
   "applications": [
      "/opt/IBM/WebSphere/AppServer/profiles/AppSrv01/config/cells/DefaultCell01/applications/PlantsByWebSphere8.ear/PlantsByWebSphere8.ear"
   ],
   "rules": [
      {
         "ruleName": "Databases",
         "ruleId": "JavaxPersistenceRule",
         "devCost": "0",
         "severity": "Warning",
         "severityId": "warning",
         "category": "Technology connectivity considerations for IBM Cloud",
         "categoryId": "appconversion.cloud.category.technology.connectivity",
         "results": [
            {
               "fileName": "PlantsByWebSphere8.ear/PlantsByWebSphere.war/WEB-INF/classes/com/ibm/websphere/samples/pbw/ejb/BackOrderMgr.class",
               "details": [
                  {
                     "reference": "Field annotation em",
                     "match": "javax.persistence",
                     "lineNumber": 0
                  }
               ]
            }
         ],
         "referencedClasses": [
            {
               "class": "javax.persistence.Column",
               "total": 2
            },
            {
               "class": "javax.persistence.Embeddable",
               "total": 1
            },
            {
               "class": "javax.persistence.EmbeddedId",
               "total": 1
            },
            {
               "class": "javax.persistence.Entity",
               "total": 6
            },
            {
               "class": "javax.persistence.EntityManager",
               "total": 107
            },
            {
               "class": "javax.persistence.GeneratedValue",
               "total": 2
            },
            {
               "class": "javax.persistence.GenerationType",
               "total": 2
            },
            {
               "class": "javax.persistence.Id",
               "total": 5
            },
            {
               "class": "javax.persistence.JoinColumn",
               "total": 4
            },
            {
               "class": "javax.persistence.LockModeType",
               "total": 9
            },
            {
               "class": "javax.persistence.ManyToOne",
               "total": 3
            },
            {
               "class": "javax.persistence.NamedQueries",
               "total": 6
            },
            {
               "class": "javax.persistence.NamedQuery",
               "total": 11
            },
            {
               "class": "javax.persistence.NoResultException",
               "total": 2
            },
            {
               "class": "javax.persistence.OneToOne",
               "total": 1
            },
            {
               "class": "javax.persistence.PersistenceContext",
               "total": 7
            },
            {
               "class": "javax.persistence.Query",
               "total": 29
            },
            {
               "class": "javax.persistence.Table",
               "total": 6
            },
            {
               "class": "javax.persistence.TableGenerator",
               "total": 2
            },
            {
               "class": "javax.persistence.Transient",
               "total": 1
            }
         ]
      },
      {
         "ruleName": "Disable the persistence unit second-level cache",
         "ruleId": "JpaCacheProperties",
         "devCost": "0",
         "severity": "Severe",
         "severityId": "severe",
         "category": "Java EE 7 / OpenJPA to EclipseLink JPA",
         "categoryId": "appconversion.javaee7.category / appconversion.javaee7.jpa.category",
         "results": [
            {
               "fileName": "PlantsByWebSphere8.ear/PlantsByWebSphere.war/WEB-INF/classes/META-INF/persistence.xml",
               "details": [
                  {
                     "reference": null,
                     "match": "persistence-unit",
                     "lineNumber": 5
                  }
               ]
            }
         ]
      },
      {
         "ruleName": "Handling application configuration in Docker containers",
         "ruleId": "DetectPropertiesFiles",
         "devCost": "0",
         "severity": "Warning",
         "severityId": "warning",
         "category": "Docker (IBM Cloud Kubernetes Service)",
         "categoryId": "appconversion.cloud.category.docker",
         "results": [
            {
               "fileName": "PlantsByWebSphere8.ear/META-INF/maven/com.ibm.websphere.pbw/pbw-ear/pom.properties",
               "details": [
                  {
                     "reference": null,
                     "match": "(.*)?\\.properties",
                     "lineNumber": 0
                  }
               ]
            },
            {
               "fileName": "PlantsByWebSphere8.ear/PlantsByWebSphere.war/META-INF/maven/com.ibm.websphere.pbw/PlantsByWebSphere/pom.properties",
               "details": [
                  {
                     "reference": null,
                     "match": "(.*)?\\.properties",
                     "lineNumber": 0
                  }
               ]
            },
            {
               "fileName": "PlantsByWebSphere8.ear/lib/pbw-lib.jar/META-INF/maven/com.ibm.websphere.pbw/pbw-lib/pom.properties",
               "details": [
                  {
                     "reference": null,
                     "match": "(.*)?\\.properties",
                     "lineNumber": 0
                  }
               ]
            },
            {
               "fileName": "PlantsByWebSphere8.ear/lib/pbw-lib.jar/pbw.properties",
               "details": [
                  {
                     "reference": null,
                     "match": "(.*)?\\.properties",
                     "lineNumber": 0
                  }
               ]
            }
         ]
      },
      {
         "ruleName": "Java EE security",
         "ruleId": "ApplicationSecurityRule",
         "devCost": "0",
         "severity": "Warning",
         "severityId": "warning",
         "category": "Technology connectivity considerations for IBM Cloud",
         "categoryId": "appconversion.cloud.category.technology.connectivity",
         "results": [
            {
               "fileName": "PlantsByWebSphere8.ear/PlantsByWebSphere.war/WEB-INF/classes/com/ibm/websphere/samples/pbw/ejb/BackOrderMgr.class",
               "details": [
                  {
                     "reference": "Class annotation",
                     "match": "javax.annotation.security.RolesAllowed",
                     "lineNumber": 0
                  }
               ]
            }
         ]
      },
      {
         "ruleName": "Java Persistence API (JPA)",
         "ruleId": "DetectJPA",
         "devCost": "0",
         "severity": "Warning",
         "severityId": "warning",
         "category": "Java EE 6 / JPA 2.0",
         "categoryId": "com.ibm.ws.appconversion.javaee6.category / com.ibm.ws.appconversion.javaee6.jpa.category",
         "results": [
            {
               "fileName": "PlantsByWebSphere8.ear/PlantsByWebSphere.war/WEB-INF/classes/com/ibm/websphere/samples/pbw/ejb/BackOrderMgr.class",
               "details": [
                  {
                     "reference": "Field annotation em",
                     "match": "javax.persistence",
                     "lineNumber": 0
                  }
               ]
            }
         ],
         "referencedClasses": [
            {
               "class": "javax.persistence.Column",
               "total": 2
            },
            {
               "class": "javax.persistence.Embeddable",
               "total": 1
            },
            {
               "class": "javax.persistence.EmbeddedId",
               "total": 1
            },
            {
               "class": "javax.persistence.Entity",
               "total": 6
            },
            {
               "class": "javax.persistence.EntityManager",
               "total": 107
            },
            {
               "class": "javax.persistence.GeneratedValue",
               "total": 2
            },
            {
               "class": "javax.persistence.GenerationType",
               "total": 2
            },
            {
               "class": "javax.persistence.Id",
               "total": 5
            },
            {
               "class": "javax.persistence.JoinColumn",
               "total": 4
            },
            {
               "class": "javax.persistence.LockModeType",
               "total": 9
            },
            {
               "class": "javax.persistence.ManyToOne",
               "total": 3
            },
            {
               "class": "javax.persistence.NamedQueries",
               "total": 6
            },
            {
               "class": "javax.persistence.NamedQuery",
               "total": 11
            },
            {
               "class": "javax.persistence.NoResultException",
               "total": 2
            },
            {
               "class": "javax.persistence.OneToOne",
               "total": 1
            },
            {
               "class": "javax.persistence.PersistenceContext",
               "total": 7
            },
            {
               "class": "javax.persistence.Query",
               "total": 29
            },
            {
               "class": "javax.persistence.Table",
               "total": 6
            },
            {
               "class": "javax.persistence.TableGenerator",
               "total": 2
            },
            {
               "class": "javax.persistence.Transient",
               "total": 1
            }
         ]
      },
      {
         "ruleName": "JavaMail server",
         "ruleId": "MailServerRule",
         "devCost": "0",
         "severity": "Warning",
         "severityId": "warning",
         "category": "Technology connectivity considerations for IBM Cloud",
         "categoryId": "appconversion.cloud.category.technology.connectivity",
         "results": [
            {
               "fileName": "PlantsByWebSphere8.ear/PlantsByWebSphere.war/WEB-INF/classes/com/ibm/websphere/samples/pbw/ejb/MailerBean.class",
               "details": [
                  {
                     "reference": "Field mailSession",
                     "match": "javax.mail",
                     "lineNumber": 0
                  }
               ]
            }
         ],
         "referencedClasses": [
            {
               "class": "javax.mail.Address",
               "total": 1
            },
            {
               "class": "javax.mail.BodyPart",
               "total": 1
            },
            {
               "class": "javax.mail.Message",
               "total": 1
            },
            {
               "class": "javax.mail.Message$RecipientType",
               "total": 3
            },
            {
               "class": "javax.mail.Multipart",
               "total": 3
            },
            {
               "class": "javax.mail.Session",
               "total": 3
            },
            {
               "class": "javax.mail.Transport",
               "total": 1
            },
            {
               "class": "javax.mail.internet.InternetAddress",
               "total": 2
            },
            {
               "class": "javax.mail.internet.MimeBodyPart",
               "total": 4
            },
            {
               "class": "javax.mail.internet.MimeMessage",
               "total": 9
            },
            {
               "class": "javax.mail.internet.MimeMultipart",
               "total": 2
            }
         ]
      }
   ]
}